"Country Name","Country Code","Indicator Name","Indicator Code",Attribute,2011,2012,2013,2014,
"Aruba","314","Extensive Margin","between_theil","Value","0.142485618591309","0.147954372238559","0.146087849734146","0.142485618591309",
"Aruba","314","Intensive Margin","within_theil","Value","3.36622142791748","3.62641077830631","3.99510911726247","4.56674766540527",
"Aruba","314","Export Diversification Index","total_theil","Value","3.508707","3.7743652","4.1411972","4.7092333",
"Afghanistan, Islamic Republic of","512","Extensive Margin","between_theil","Value","0.708669581072897","1.0463047565326","1.29625198421403","1.05356219410896",
"Afghanistan, Islamic Republic of","512","Intensive Margin","within_theil","Value","2.22759861816849","2.09797306716973","1.87701453147019","2.23355376720429",
"Afghanistan, Islamic Republic of","512","Export Diversification Index","total_theil","Value","2.9362681","3.1442778","3.1732664","3.2871161",
"Angola","614","Extensive Margin","between_theil","Value","0.466890458071784","0.468831995963623","0.465776821499032","0.455066574621014",
"Angola","614","Intensive Margin","within_theil","Value","5.78807972533309","5.63738245153218","5.66103062154193","5.75770056992769",
"Angola","614","Export Diversification Index","total_theil","Value","6.2549701","6.1062145","6.1268072","6.2127671",
"Anguilla","312","Extensive Margin","between_theil","Value","0.329588002758101","0.377836923875151","0.378188970845976","0.376294791698456",
"Anguilla","312","Intensive Margin","within_theil","Value","3.281902551651","3.13184523584982","3.26072478294373","3.67132496833801",
"Anguilla","312","Export Diversification Index","total_theil","Value","3.6114905","3.5096822","3.6389139","4.0476198",
"Albania","914","Extensive Margin","between_theil","Value","-0.0050815952719149","0.0545111431949792","0.166744560790789","0.0311626866459847",
"Albania","914","Intensive Margin","within_theil","Value","2.94796263937337","2.92173367662144","2.90502558463777","2.91350078582764",
"Albania","914","Export Diversification Index","total_theil","Value","2.9428811","2.9762449","3.0717702","2.9446635",
"Andorra","171","Extensive Margin","between_theil","Value","0.0579899928849272","0.0123308981413857","0.0099468939006329","0.0764060013461858",
"Andorra","171","Intensive Margin","within_theil","Value","2.65883944649249","2.38735132750565","2.96170893311501","2.82509685307741",
"Andorra","171","Export Diversification Index","total_theil","Value","2.7168295","2.3996823","2.9716558","2.9015028",
"Netherlands Antilles","353","Extensive Margin","between_theil","Value","0","0","0","0",
"Netherlands Antilles","353","Intensive Margin","within_theil","Value","0","0","0","0",
"Netherlands Antilles","353","Export Diversification Index","total_theil","Value","0","0","0","0",
"United Arab Emirates","466","Extensive Margin","between_theil","Value","0.0128595220651881","0.0128615731730749","0.0128594009802863","0.0128548124631489",
"Vietnam","582","Extensive Margin","between_theil","Value","0.0033034971990418","0.0049563131053452","0","0",
"Vietnam","582","Intensive Margin","within_theil","Value","2.42570774003843","2.60503555368268","2.75152015686035","2.64128422737122",
"Vietnam","582","Export Diversification Index","total_theil","Value","2.4290113","2.6099918","2.7515202","2.6412842",
"Vanuatu","846","Extensive Margin","between_theil","Value","0.0603455363817541","0.28664233542429","0.837223380804062","0.117544144392014",
"Vanuatu","846","Intensive Margin","within_theil","Value","4.46240270137787","4.34009456372587","3.48907321691513","4.29432439804077",
"Vanuatu","846","Export Diversification Index","total_theil","Value","4.5227485","4.6267371","4.3262968","4.4118686",
"Samoa","862","Extensive Margin","between_theil","Value","0.0383997261230675","-0.0088451754025626","0.0356976996709335","0.0071922755450942",
"Samoa","862","Intensive Margin","within_theil","Value","3.41065084887305","3.1533549502492","3.14092182082823","2.79030469059944",
"Samoa","862","Export Diversification Index","total_theil","Value","3.4490507","3.1445098","3.1766195","2.797497",
"Yemen, Republic of","474","Extensive Margin","between_theil","Value","0.0074650081764958","0.0054809397961151","0.0159583946359809","0.0327776582998922",
"Yemen, Republic of","474","Intensive Margin","within_theil","Value","5.04648802429438","5.04830795526505","5.00526441633701","5.10633145645261",
"Yemen, Republic of","474","Export Diversification Index","total_theil","Value","5.0539532","5.0537887","5.0212226","5.1391091",
"South Africa","199","Extensive Margin","between_theil","Value","0.167863439768553","0.214146554470062","0.204975063912571","0.209302194416523",
"South Africa","199","Intensive Margin","within_theil","Value","2.32907021045685","2.507942289114","2.43878760933876","2.38492712378502",
"South Africa","199","Export Diversification Index","total_theil","Value","2.4969337","2.7220888","2.6437626","2.5942292",
"Guyana","336","Extensive Margin","between_theil","Value","1.58724349354296","1.62853576056659","1.57813258655369","1.67978472262621",
"Guyana","336","Intensive Margin","within_theil","Value","2.31596150484984","2.18537938594818","2.1837620139122","2.24311226606369",
"Guyana","336","Export Diversification Index","total_theil","Value","3.9032049","3.8139153","3.7618947","3.9228971",
"Rwanda","714","Extensive Margin","between_theil","Value","0.0373216799302725","0.0239586628558754","0.0333521786851918","0.0261698104441166",
"Rwanda","714","Intensive Margin","within_theil","Value","4.07935645643738","3.690150488168","3.723987659454","3.73968958854675",
"Rwanda","714","Export Diversification Index","total_theil","Value","4.1166782","3.7141092","3.75734","3.7658594",
"Saudi Arabia","456","Extensive Margin","between_theil","Value","1.6913088410881","1.75516448915005","1.68855803087354","1.75478667765856",
"Brazil","223","Extensive Margin","between_theil","Value","0.300182773731649","0.311543035320938","0.303640404716134","0.295944450423122",
"Kyrgyz Republic","917","Export Diversification Index","total_theil","Value","2.6808372","2.6413157","2.6554704","2.9110422",
"Cambodia","522","Extensive Margin","between_theil","Value","0.0528634265485497","0.0636142927118044","0.0545447431404934","0.0432749539613724",
"Cambodia","522","Intensive Margin","within_theil","Value","4.5742894042487","4.3673399201507","4.30549323749079","4.31430733203888",
"Cambodia","522","Export Diversification Index","total_theil","Value","4.6271529","4.430954","4.3600378","4.3575821",
"Kiribati","826","Extensive Margin","between_theil","Value","0.554212712744942","0.551566177989402","0.548873662948608","0.548873662948608",
"Kiribati","826","Intensive Margin","within_theil","Value","4.96122133065364","5.06669616699136","5.47856283187866","5.48841285705566",
"Kiribati","826","Export Diversification Index","total_theil","Value","5.5154343","5.6182623","6.0274363","6.0372868",
"St. Kitts and Nevis","361","Extensive Margin","between_theil","Value","0.253565845381543","0.25757457509987","0.251543045043945","0.251543134450912",
"Tanzania","738","Export Diversification Index","total_theil","Value","2.5840061","2.4361875","2.6489761","2.5984907",
"Uganda","746","Extensive Margin","between_theil","Value","0.505359709262848","0.466221351602783","0.376147551614126","0.423798337578773",
"Uganda","746","Intensive Margin","within_theil","Value","2.31507766246796","2.15553894404866","2.17166048288345","2.13555026054382",
"Uganda","746","Export Diversification Index","total_theil","Value","2.8204374","2.6217604","2.5478079","2.5593486",
"Ukraine","926","Extensive Margin","between_theil","Value","0.0032548186414409","0.0016697966411863","0","0",
"Ukraine","926","Intensive Margin","within_theil","Value","2.0426154453362","2.03348827362061","2.02461338043213","2.06094717979431",
"Ukraine","926","Export Diversification Index","total_theil","Value","2.0458703","2.0351582","2.0246134","2.0609472",
"Uruguay","298","Extensive Margin","between_theil","Value","0.0900809831756239","0.0774581134319305","0.0366910397903807","0.0346060320734978",
"Uruguay","298","Intensive Margin","within_theil","Value","2.57036145908535","2.70360720157623","2.83513784408569","2.85904252529144",
"Uruguay","298","Export Diversification Index","total_theil","Value","2.6604424","2.7810652","2.8718288","2.8936486",
"Ghana","652","Extensive Margin","between_theil","Value","0.139432749811935","0.124546468257866","0.0614200159907341","0.0681810677051544",
"Ghana","652","Intensive Margin","within_theil","Value","3.91165799363716","3.97511339187622","3.982501745224","4.11468470096588",
"Ghana","652","Export Diversification Index","total_theil","Value","4.0510907","4.0996599","4.0439219","4.1828656",
"Chad","628","Intensive Margin","within_theil","Value","5.95440711081028","5.88575668307021","5.86245317284465","5.93855368345976",
"Germany","134","Intensive Margin","within_theil","Value","1.69207370235381","1.70536431768414","1.70516110480821","1.72991902386275",
"Germany","134","Export Diversification Index","total_theil","Value","1.7016743","1.7149619","1.7147706","1.7395089",
"Djibouti","611","Extensive Margin","between_theil","Value","0.116131237070022","0.0517385192215443","0.0127064286357381","0.0154901966452599",
"Djibouti","611","Intensive Margin","within_theil","Value","3.48072613129625","3.17050686478615","3.57897162437439","3.75761833786964",
"Lesotho","666","Intensive Margin","within_theil","Value","4.52223421869439","4.42537851824818","4.43696022033691","4.62705516815186",
"Lesotho","666","Export Diversification Index","total_theil","Value","4.7433529","4.6444287","4.6501536","4.8402486",
"Lithuania","946","Extensive Margin","between_theil","Value","0.0508694201189798","0.0458344705402851","0.0491878725236538","0.0458344705402851",
"Lithuania","946","Intensive Margin","within_theil","Value","2.69954078717865","2.64431142807007","2.60632918906867","2.1553795337677",
"Lithuania","946","Export Diversification Index","total_theil","Value","2.7504103","2.690146","2.6555171","2.2012141",
"Luxembourg","137","Extensive Margin","between_theil","Value","0.0542449876666069","0.0593235492472416","0.0542451068758965","0.0542449876666069",
"Luxembourg","137","Intensive Margin","within_theil","Value","2.0864474773407","2.07501814136879","2.07450127601623","2.00960087776184",
"Luxembourg","137","Export Diversification Index","total_theil","Value","2.1406925","2.1343417","2.1287463","2.0638459",
"Latvia","941","Extensive Margin","between_theil","Value","0.0609506274339484","0.0593251734962581","0.0593231692632074","0.0576290786266327",
"Turkey","186","Export Diversification Index","total_theil","Value","1.8054969","1.7915237","1.7589029","1.8115044",
"Tuvalu","869","Extensive Margin","between_theil","Value","0.0051414892077446","0.005141369998455","0.0076824055433558","0.0051414892077446",
"Tuvalu","869","Intensive Margin","within_theil","Value","5.10656499862671","4.85514450073242","5.52040386199951","4.43543910980225",
"Tuvalu","869","Export Diversification Index","total_theil","Value","5.1117063","4.8602858","5.5280862","4.4405804",
"Tanzania","738","Extensive Margin","between_theil","Value","0.0032840627245605","0.0081803370180777","0.0032840627245605","0.0032840627245605",
"Tanzania","738","Intensive Margin","within_theil","Value","2.58072209358215","2.42800712852477","2.64569211006165","2.59520673751831",
"Armenia, Republic of","911","Extensive Margin","between_theil","Value","0.156546966283713","0.159148869140894","0.158474830812395","0.151753500103951",
"Armenia, Republic of","911","Intensive Margin","within_theil","Value","3.02107853302732","2.7613443486407","3.08024467225186","3.26667881011963",
"Armenia, Republic of","911","Export Diversification Index","total_theil","Value","3.1776254","2.9204931","3.2387195","3.4184322",
"Niger","692","Intensive Margin","within_theil","Value","5.67853790974914","5.13991326838732","4.80113980326496","5.19121700525284",
"Niger","692","Export Diversification Index","total_theil","Value","5.8358822","5.152493","5.0400901","5.2105722",
"Nigeria","694","Extensive Margin","between_theil","Value","0.769857002189165","0.781316815046011","0.772082634124672","0.776672815234633",
"Nigeria","694","Intensive Margin","within_theil","Value","4.79832349094643","4.83922279762262","5.00344159640372","4.84378968179226",
"Nigeria","694","Export Diversification Index","total_theil","Value","5.5681806","5.6205397","5.7755241","5.6204624",
"Nicaragua","278","Extensive Margin","between_theil","Value","0.0531527211769145","0.0690277949989557","0.0138694265753356","0.0182990878820419",
"Nicaragua","278","Intensive Margin","within_theil","Value","3.1573167690658","3.09639119639905","3.3166811466217","3.35155749320984",
"Nicaragua","278","Export Diversification Index","total_theil","Value","3.2104695","3.1654191","3.3305507","3.3698566",
"Netherlands","138","Extensive Margin","between_theil","Value","0.0225828780737576","0.0226159007589803","0.0224210910955094","0.0222810591239409",
"Netherlands","138","Intensive Margin","within_theil","Value","1.88366217818111","2.22102415812697","1.98432562479866","1.92895874643",
"Gibraltar","823","Extensive Margin","between_theil","Value","0.133105576846127","0.136904496679702","0.125558177375453","0.130952921555149",
"Gibraltar","823","Intensive Margin","within_theil","Value","4.79913094039148","5.16188765547327","4.85503026640799","5.76538636273472",
"Gibraltar","823","Export Diversification Index","total_theil","Value","4.9322367","5.2987924","4.9805884","5.8963394",
"Guinea","656","Extensive Margin","between_theil","Value","0.363319977164792","0.867083534083008","0.414178073209897","0.333772651851177",
"Guinea","656","Intensive Margin","within_theil","Value","3.14535626780707","3.79343675990822","4.18416023254395","4.52843570709229",
"Guinea","656","Export Diversification Index","total_theil","Value","3.5086763","4.6605201","4.5983381","4.8622084",
"Gambia, The","648","Extensive Margin","between_theil","Value","0.083338181475483","0.0858110432091053","0.110242987148922","0.0583513383753598",
"Gambia, The","648","Intensive Margin","within_theil","Value","3.20475399645511","3.69080639677122","3.96635754406452","3.92949864268303",
"Gambia, The","648","Export Diversification Index","total_theil","Value","3.2880921","3.7766175","4.0766006","3.98785",
"Guinea-Bissau","654","Extensive Margin","between_theil","Value","0.254508066773839","0.185940872877836","0.15057622268796","0.145547643303871",
"Guinea-Bissau","654","Intensive Margin","within_theil","Value","4.79955542087555","5.26808023452759","4.87267023324966","5.09623324871063",
"Guinea-Bissau","654","Export Diversification Index","total_theil","Value","5.0540633","5.454021","5.0232463","5.2417808",
"Egypt","469","Extensive Margin","between_theil","Value","0.148857712647917","0.153498988064797","0.219671979546547","0.31774564832449",
"Egypt","469","Intensive Margin","within_theil","Value","2.60189512281065","2.58699452878533","2.4063246846199","2.3294660449028",
"Egypt","469","Export Diversification Index","total_theil","Value","2.7507529","2.7404935","2.6259966","2.6472118",
"Eritrea","643","Extensive Margin","between_theil","Value","0.179944898933172","0.311323586625235","1.9452133923769","0.306525141000748",
"Eritrea","643","Intensive Margin","within_theil","Value","2.74807734787464","3.41528748805285","1.49295485019684","5.83369588851929",
"Eritrea","643","Export Diversification Index","total_theil","Value","2.9280221","3.7266111","3.4381683","6.1402211",
"Montserrat","351","Intensive Margin","within_theil","Value","2.99299907684326","3.20043802261352","3.21645760536194","3.41971278190613",
"Australia","193","Intensive Margin","within_theil","Value","3.06006184220314","3.05792498588562","3.12172389030456","3.13393485546112",
"Australia","193","Export Diversification Index","total_theil","Value","3.141454","3.1220667","3.1816525","3.1857936",
"Austria","122","Extensive Margin","between_theil","Value","0.132055896014208","0.130304505320964","0.128255647374317","0.12739017358399",
"Austria","122","Intensive Margin","within_theil","Value","1.47447463124991","1.46446410939097","1.45061310287565","1.47621690295637",
"Austria","122","Export Diversification Index","total_theil","Value","1.6065305","1.5947686","1.5788687","1.6036071",
"Azerbaijan, Republic of","912","Extensive Margin","between_theil","Value","0.106061325973158","0.106247469756255","0.116972468236735","0.10269733518362",
"Azerbaijan, Republic of","912","Intensive Margin","within_theil","Value","5.94946135402279","5.85395682207883","5.83518367860961","5.91021251678467",
"Azerbaijan, Republic of","912","Export Diversification Index","total_theil","Value","6.0555224","5.9602041","5.9521561","6.0129099",
"Mauritania","682","Export Diversification Index","total_theil","Value","4.9947395","4.6725569","4.6729269","4.5095911",
"Montserrat","351","Extensive Margin","between_theil","Value","0.284188592439023","0.290827546561758","0.290513028295749","0.289283335208893",
"Czech Republic","935","Extensive Margin","between_theil","Value","0.0358344502747059","0.0374940820038048","0.0374934636015713","0.0358344502747059",
"Czech Republic","935","Intensive Margin","within_theil","Value","1.91064393520355","1.89187467098236","1.9044554233551","1.96256148815155",
"Czech Republic","935","Export Diversification Index","total_theil","Value","1.9464784","1.9293687","1.9419489","1.9983959",
"Ethiopia","644","Export Diversification Index","total_theil","Value","4.203373","4.0729551","3.8159304","3.9458263",
"Finland","172","Extensive Margin","between_theil","Value","0.312532226985307","0.295548270455585","0.291937517931732","0.286410288419574",
"Finland","172","Intensive Margin","within_theil","Value","1.84171407511843","1.86454148590565","1.91118758916855","1.8884534239769",
"Romania","968","Extensive Margin","between_theil","Value","0.103603012859818","0.130784630775452","0.16199604421848","0.154704250395298",
"Romania","968","Intensive Margin","within_theil","Value","1.94137358665466","1.87330693006516","1.91299158334732","1.92906612157822",
"Romania","968","Export Diversification Index","total_theil","Value","2.0449767","2.0040915","2.0749876","2.0837703",
"Russian Federation","922","Extensive Margin","between_theil","Value","0.0049823851364771","0","0","0",
"Russian Federation","922","Intensive Margin","within_theil","Value","3.90946601478254","3.92986750602722","3.92485499382019","3.80939698219299",
"Russian Federation","922","Export Diversification Index","total_theil","Value","3.9144485","3.9298675","3.924855","3.809397",
"Philippines","566","Export Diversification Index","total_theil","Value","3.147774","3.0965574","3.0599594","3.0818143",
"Papua New Guinea","853","Extensive Margin","between_theil","Value","0.294746511527805","0.24319197325903","0.205013878630293","0.138748899102211",
"Papua New Guinea","853","Intensive Margin","within_theil","Value","3.37958064855775","3.45501367708493","3.45088636875153","3.69132345914841",
"Papua New Guinea","853","Export Diversification Index","total_theil","Value","3.6743271","3.6982057","3.6559002","3.8300724",
"Poland","964","Extensive Margin","between_theil","Value","0.191335814073682","0.200275838375092","0.205357723869383","0.210107094608247",
"Poland","964","Intensive Margin","within_theil","Value","1.47166131436825","1.41889524459839","1.42059892416","1.44249041378498",
"Poland","964","Export Diversification Index","total_theil","Value","1.6629971","1.6191711","1.6259567","1.6525975",
"Korea, Democratic People's Rep. of","954","Extensive Margin","between_theil","Value","0.507638958827727","0.637391631733976","0.668395221586422","0.42122408747673",
"United States","111","Extensive Margin","between_theil","Value","0.0064037830920508","0.0064090626637351","0.0064075029477898","0.0064070218309175",
"United States","111","Intensive Margin","within_theil","Value","1.65251781853658","1.69610951178174","1.71079271360941","1.71627121961228",
"United States","111","Export Diversification Index","total_theil","Value","1.6589216","1.7025186","1.7172002","1.7226782",
"Uzbekistan","927","Extensive Margin","between_theil","Value","0.0124724854301519","0.009031483583676","0.0090593916124097","0.0036166990175843",
"Uzbekistan","927","Intensive Margin","within_theil","Value","3.10265431807784","3.03520513228887","3.2174819625676","3.19912815093994",
"Uzbekistan","927","Export Diversification Index","total_theil","Value","3.1151268","3.0442367","3.2265413","3.202745",
"St. Vincent and the Grenadines","364","Extensive Margin","between_theil","Value","0.0096433245635694","0.01004314672468","0.0080808848142624","0.0080808848142624",
"St. Vincent and the Grenadines","364","Intensive Margin","within_theil","Value","3.49317646026611","3.20665717124939","3.90136671066284","4.3754358291626",
"St. Vincent and the Grenadines","364","Export Diversification Index","total_theil","Value","3.5028198","3.2167003","3.9094477","4.3835168",
"Bahrain, Kingdom of","419","Extensive Margin","between_theil","Value","1.05906798973187","0.920486271381378","-0.0230884806252334","-0.0313519239425659",
"Bahrain, Kingdom of","419","Intensive Margin","within_theil","Value","3.4668172226302","3.11015582084656","2.87489506497514","2.8723963201046",
"Bahrain, Kingdom of","419","Export Diversification Index","total_theil","Value","4.5258851","4.030642","2.8518066","2.8410444",
"Bahamas, The","313","Extensive Margin","between_theil","Value","0.818614650986916","0.552508979964393","0.114921532422592","0.365472100675106",
"Bahamas, The","313","Intensive Margin","within_theil","Value","3.31356765070814","3.4096737761359","4.21889960765839","3.77859139442444",
"Bahamas, The","313","Export Diversification Index","total_theil","Value","4.1321821","3.9621828","4.3338213","4.1440635",
"Bosnia and Herzegovina","963","Extensive Margin","between_theil","Value","0.0919426832618271","0.0886040475326481","0.0848196553558864","0.0816440805792809",
"Bosnia and Herzegovina","963","Intensive Margin","within_theil","Value","2.05434946750756","2.01216501942417","2.05237428167311","2.06068992614746",
"Bosnia and Herzegovina","963","Export Diversification Index","total_theil","Value","2.1462922","2.100769","2.1371939","2.142334",
"Belarus","913","Extensive Margin","between_theil","Value","0.0920489622614067","0.106049939910889","0.0764472111844631","0.0730009078979492",
"Belarus","913","Intensive Margin","within_theil","Value","4.41880917068193","2.91138801733905","2.52123737710512","2.5940158367157",
"Belarus","913","Export Diversification Index","total_theil","Value","4.5108581","3.0174379","2.5976846","2.6670167",
"Belgium-Luxembourg","126","Extensive Margin","between_theil","Value","0","0","0","0",
"Belgium-Luxembourg","126","Intensive Margin","within_theil","Value","0","0","0","0",
"Belgium-Luxembourg","126","Export Diversification Index","total_theil","Value","0","0","0","0",
"Belize","339","Extensive Margin","between_theil","Value","0.116003748093903","0.116931259598232","0.111479690597136","0.111602298915386",
"Belize","339","Intensive Margin","within_theil","Value","3.00056308849889","3.58030432497617","3.50236761748238","3.43652153015137",
"Belize","339","Export Diversification Index","total_theil","Value","3.1165669","3.6972356","3.6138473","3.5481238",
"Montserrat","351","Export Diversification Index","total_theil","Value","3.2771876","3.4912655","3.5069706","3.7089961",
"Mauritius","684","Extensive Margin","between_theil","Value","0.0714451941922754","0.0575645108656317","0.0638967566628708","0.0724601271504071",
"Mauritius","684","Intensive Margin","within_theil","Value","3.33219311768335","3.37130643986165","3.4006363786757","3.29760495852679",
"Mauritius","684","Export Diversification Index","total_theil","Value","3.4036384","3.4288709","3.4645331","3.370065",
"Malawi","676","Extensive Margin","between_theil","Value","0.107978535477809","0.10446475421812","0.102647013823739","0.0991575866937637",
"Saudi Arabia","456","Intensive Margin","within_theil","Value","3.51268854737282","3.56624528765678","3.58182591199875","3.55094620585442",
"Saudi Arabia","456","Export Diversification Index","total_theil","Value","5.2039976","5.3214097","5.2703838","5.3057327",
"Sudan","732","Extensive Margin","between_theil","Value","0.0895185465924442","0","0","0",
"Sudan","732","Intensive Margin","within_theil","Value","5.72062136232853","0","0","0",
"Israel","436","Extensive Margin","between_theil","Value","0.405005907173209","0.413063236977905","0.411174604669213","0.399023756850511",
"Israel","436","Intensive Margin","within_theil","Value","2.33527978217617","2.29141373187303","2.30680017918348","2.25295941531658",
"Israel","436","Export Diversification Index","total_theil","Value","2.7402856","2.7044771","2.7179749","2.6519833",
"Italy","136","Extensive Margin","between_theil","Value","0.0479791654852306","0.0472043892141301","0.0481162457335813","0.047715580939439",
"Italy","136","Intensive Margin","within_theil","Value","1.5163070790004","1.54657648946159","1.53669617837295","1.52858521346934",
"Italy","136","Export Diversification Index","total_theil","Value","1.5642862","1.5937809","1.5848124","1.5763007",
"Jamaica","343","Extensive Margin","between_theil","Value","1.12313487633638","1.1017016269562","1.12046399422968","1.14676066022366",
"Jamaica","343","Intensive Margin","within_theil","Value","2.96867364810169","2.91043493743928","3.07377958860525","3.09493346512318",
"Jamaica","343","Export Diversification Index","total_theil","Value","4.0918083","4.0121365","4.1942434","4.241694",
"Jordan","439","Extensive Margin","between_theil","Value","-0.0205023288726807","-0.0229834100847111","-0.0365152472805418","-0.0410775430500507",
"Jordan","439","Intensive Margin","within_theil","Value","2.34191030263901","2.32117211818541","2.2364333124483","2.3951618373394",
"Jordan","439","Export Diversification Index","total_theil","Value","2.321408","2.2981887","2.199918","2.3540843",
"Japan","158","Extensive Margin","between_theil","Value","0.0845847630255321","0.0843287150173637","0.0845466139246582","0.084550346628248",
"Japan","158","Intensive Margin","within_theil","Value","2.01651559199672","2.02886845299508","2.04600119625684","2.03402188851032",
"Japan","158","Export Diversification Index","total_theil","Value","2.1011004","2.1131971","2.1305478","2.1185722",
"Kazakhstan","916","Extensive Margin","between_theil","Value","0.0712755171681169","0.0849013620736088","0.0695624202246894","0.0644318386912346",
"Kazakhstan","916","Intensive Margin","within_theil","Value","4.92752137003288","4.51627642769017","4.81051896855075","4.63685035705566",
"Kazakhstan","916","Export Diversification Index","total_theil","Value","4.9987969","4.6011777","4.8800812","4.701282",
"Kenya","664","Extensive Margin","between_theil","Value","0.143810778856277","0.174749732017517","0.16192090511322","0.145382545888424",
"Croatia","960","Extensive Margin","between_theil","Value","0.0542314602311069","0.050872292369604","0.0508719272905474","0.049190241843462",
"Croatia","960","Intensive Margin","within_theil","Value","1.9354535008888","1.91132760047913","1.86326897144318","1.84491646289825",
"Croatia","960","Export Diversification Index","total_theil","Value","1.9896849","1.9621999","1.9141409","1.8941067",
"Haiti","263","Extensive Margin","between_theil","Value","1.9243388755782","1.88793977280144","1.87351130566833","1.93178497068584",
"Haiti","263","Intensive Margin","within_theil","Value","3.18178619343598","3.18045534938574","3.22826514206099","3.19272559136152",
"Haiti","263","Export Diversification Index","total_theil","Value","5.1061249","5.0683951","5.1017766","5.1245108",
"Hungary","944","Extensive Margin","between_theil","Value","0.296470163885488","0.281828357838094","0.250749405471018","0.272726701572537",
"Hungary","944","Intensive Margin","within_theil","Value","2.03537335991859","1.94428111612797","1.84630563855171","1.90922537446022",
"Hungary","944","Export Diversification Index","total_theil","Value","2.3318436","2.2261095","2.097055","2.181952",
"Indonesia","536","Extensive Margin","between_theil","Value","0.434389729052782","0.446430742740631","0.432614903897047","0.401793278753757",
"Indonesia","536","Intensive Margin","within_theil","Value","1.92001131176949","1.89918538928032","1.86110550165176","1.80637261271477",
"Indonesia","536","Export Diversification Index","total_theil","Value","2.3544011","2.3456161","2.2937205","2.2081659",
"India","534","Extensive Margin","between_theil","Value","0.184447866864502","0.169644048437476","0.169106035493314","0.164984530769289",
"Sierra Leone","724","Extensive Margin","between_theil","Value","0.699238410960429","1.66302150209654","2.04508609013787","1.96131356898695",
"Sierra Leone","724","Intensive Margin","within_theil","Value","2.88896617949467","2.52916825284046","2.86724681846681","3.00123080611229",
"Sierra Leone","724","Export Diversification Index","total_theil","Value","3.5882046","4.1921897","4.912333","4.9625444",
"El Salvador","253","Extensive Margin","between_theil","Value","-0.0411203392132976","-0.040038677084259","-0.0261417731906732","-0.0065034524304792",
"El Salvador","253","Intensive Margin","within_theil","Value","3.08302490256875","3.05416749292775","3.02142574737991","3.08356326818466",
"El Salvador","253","Export Diversification Index","total_theil","Value","3.0419044","3.0141289","2.9952841","3.0770597",
"Somalia","726","Extensive Margin","between_theil","Value","1.81483299894751","1.96170702675298","1.52765625989468","1.42687148973346",
"Somalia","726","Intensive Margin","within_theil","Value","2.88499569095438","2.72615684033372","3.1714327284717","3.34790778160095",
"Somalia","726","Export Diversification Index","total_theil","Value","4.6998286","4.6878638","4.6990891","4.7747793",
"Antigua and Barbuda","311","Extensive Margin","between_theil","Value","0.120436869044823","0.12058692425488","0.11861326984991","0.118783578276634",
"Antigua and Barbuda","311","Intensive Margin","within_theil","Value","4.84165048599243","2.47984910011292","5.30734300613403","5.40236616134644",
"Antigua and Barbuda","311","Export Diversification Index","total_theil","Value","4.9620872","2.600436","5.4259562","5.5211496",
"Australia","193","Extensive Margin","between_theil","Value","0.0813920269720256","0.0641418481245637","0.059928638394922","0.0518587986007333",
"Bulgaria","918","Export Diversification Index","total_theil","Value","2.197814","2.2541692","2.2347832","2.1005907",
"Sudan","732","Export Diversification Index","total_theil","Value","5.8101401","0","0","0",
"Senegal","722","Extensive Margin","between_theil","Value","0.762039340899946","0.709706477820528","0.679528510197997","0.677557565271854",
"Congo, Democratic Republic of","636","Extensive Margin","between_theil","Value","0.553919970221048","0.772013682872057","0.706016982254283","0.702380118891597",
"Congo, Democratic Republic of","636","Intensive Margin","within_theil","Value","3.7385826090258","3.70977360010147","3.80705362558365","3.93391507863998",
"Congo, Democratic Republic of","636","Export Diversification Index","total_theil","Value","4.2925024","4.4817872","4.5130706","4.6362953",
"Singapore","576","Intensive Margin","within_theil","Value","3.1959193944931","3.16363942623138","3.14797861874104","3.01452526450157",
"Singapore","576","Export Diversification Index","total_theil","Value","3.326432","3.2917335","3.2982841","3.1689844",
"Solomon Islands","813","Extensive Margin","between_theil","Value","0.0217841163055255","0.0211613684413929","0.0147837102413177","0.0147838294506073",
"Solomon Islands","813","Intensive Margin","within_theil","Value","4.7794028687058","4.77124605959398","4.90362405776978","4.85048866271973",
"Solomon Islands","813","Export Diversification Index","total_theil","Value","4.801187","4.7924075","4.9184079","4.8652725",
"Gabon","646","Export Diversification Index","total_theil","Value","5.2513413","5.4532971","5.3597317","5.6162829",
"United Kingdom","112","Extensive Margin","between_theil","Value","0.016005324305894","0.0160370687886626","0.0160020558411631","0.0159968421966923",
"United Kingdom","112","Intensive Margin","within_theil","Value","1.87632555417076","1.92508439747326","1.93104396307899","1.9291496052756",
"United Kingdom","112","Export Diversification Index","total_theil","Value","1.8923309","1.9411215","1.947046","1.9451464",
"Georgia","915","Extensive Margin","between_theil","Value","0.111169646032067","0.0955569627309885","0.0885648580808804","0.0851222202181816",
"Georgia","915","Intensive Margin","within_theil","Value","3.04417893601931","3.01247929372767","2.94707210505203","2.91353631019592",
"Equatorial Guinea","642","Extensive Margin","between_theil","Value","0.405296148342101","0.399188073366468","0.393572657936602","0.389991184259998",
"Equatorial Guinea","642","Intensive Margin","within_theil","Value","5.28611132879809","5.32299133390188","5.24807104095817","5.26243523880839",
"Chad","628","Export Diversification Index","total_theil","Value","6.0203123","5.9425273","5.924202","5.9969826",
"Togo","742","Extensive Margin","between_theil","Value","0.724655357611027","0.271637290348139","0.183583594500007","0.366090901196003",
"Togo","742","Intensive Margin","within_theil","Value","2.98815654357895","2.62918072860339","2.54554941452807","2.18559002876282",
"Togo","742","Export Diversification Index","total_theil","Value","3.7128119","2.9008181","2.7291329","2.551681",
"Thailand","578","Extensive Margin","between_theil","Value","0.127808149904013","0.115758661180637","0.127505522221327","0.120017301291227",
"Thailand","578","Intensive Margin","within_theil","Value","1.84407496452331","1.91460257768631","1.87859433889389","1.84350216388702",
"Zambia","754","Extensive Margin","between_theil","Value","0.0054143119880337","0.0082705244361053","0.0033003408461809","0.0033003408461809",
"Zambia","754","Intensive Margin","within_theil","Value","4.66560929839034","4.64860912673817","4.60321044921875","4.6070146560669",
"Zambia","754","Export Diversification Index","total_theil","Value","4.6710238","4.6568794","4.6065106","4.6103148",
"Zimbabwe","698","Extensive Margin","between_theil","Value","0.0097199195239668","0.0032485975268386","0.0015310615038153","0",
"Zimbabwe","698","Intensive Margin","within_theil","Value","3.48116269057573","3.6855226222815","3.75546479225159","3.88288831710815",
"Zimbabwe","698","Export Diversification Index","total_theil","Value","3.4908826","3.6887712","3.7569959","3.8828883",
"Latvia","941","Intensive Margin","within_theil","Value","1.72586609566861","1.79423952102661","1.78386807441711","1.80698454380035",
"Latvia","941","Export Diversification Index","total_theil","Value","1.7868167","1.8535647","1.8431913","1.8646137",
"China, P.R.: Macao","546","Extensive Margin","between_theil","Value","0.0101151876109515","0.0251625797729682","0.0160616529132884","0.0145435337908566",
"China, P.R.: Macao","546","Intensive Margin","within_theil","Value","3.26768539405384","3.22866180660822","2.87200308857973","3.0842964053154",
"China, P.R.: Macao","546","Export Diversification Index","total_theil","Value","3.2778006","3.2538245","2.8880646","3.09884",
"Morocco","686","Extensive Margin","between_theil","Value","0.159969739175091","0.18127448111478","0.178767817094922","0.180381085723639",
"Morocco","686","Intensive Margin","within_theil","Value","2.76505733685053","2.70189118218286","2.69522529840469","2.73585319519043",
"Cote d'Ivoire","662","Intensive Margin","within_theil","Value","3.4404822253357","3.29113578796387","3.25322687625885","3.44483807682991",
"Cote d'Ivoire","662","Export Diversification Index","total_theil","Value","4.0313287","3.8482416","3.8592978","4.1336646",
"Cameroon","622","Extensive Margin","between_theil","Value","0.114596195187314","0.0821898132562637","0.0394204407111153","0.0403001978993416",
"Finland","172","Export Diversification Index","total_theil","Value","2.1542463","2.1600897","2.203125","2.1748638",
"Fiji","819","Extensive Margin","between_theil","Value","0.0459884321561328","0.0545042152225506","0.0602668289762512","0.0604344067251077",
"Fiji","819","Intensive Margin","within_theil","Value","3.46378526836634","3.49242934398353","3.39961635693908","3.32454263046384",
"Fiji","819","Export Diversification Index","total_theil","Value","3.5097737","3.5469337","3.4598832","3.3849771",
"France","132","Extensive Margin","between_theil","Value","0.0112542001495625","0.0112581800704537","0.0112603464433937","0.0112598649259848",
"France","132","Intensive Margin","within_theil","Value","1.62923486636737","1.66458124459859","1.66250288692345","1.68346070087932",
"France","132","Export Diversification Index","total_theil","Value","1.6404891","1.6758394","1.6737633","1.6947205",
"Faroe Islands","816","Extensive Margin","between_theil","Value","0.227045552347995","0.222628730002214","0.223092519880209","0.221076998972156",
"Faroe Islands","816","Intensive Margin","within_theil","Value","5.35182287594034","5.36266030190188","5.30296918733438","5.34243635986786",
"Faroe Islands","816","Export Diversification Index","total_theil","Value","5.5788684","5.585289","5.5260615","5.5635133",
"Gabon","646","Extensive Margin","between_theil","Value","1.93388103507432","1.97223763450501","1.91891852948121","2.37496144097531",
"Gabon","646","Intensive Margin","within_theil","Value","3.31746017932892","3.48105946012538","3.44081306457519","3.24132154509425",
"Colombia","233","Intensive Margin","within_theil","Value","3.35914375583567","3.42741668224335","3.435506939888","3.48365986347198",
"Colombia","233","Export Diversification Index","total_theil","Value","3.6708233","3.7812002","3.8821647","3.9547873",
"Comoros","632","Extensive Margin","between_theil","Value","1.26657572848323","0.288681739817548","1.56379175321729","1.58615615218878",
"Comoros","632","Intensive Margin","within_theil","Value","3.49610111180664","4.13008601218462","3.08844741512803","3.20438385009766",
"Comoros","632","Export Diversification Index","total_theil","Value","4.7626767","4.4187679","4.6522393","4.7905402",
"Cabo Verde","624","Extensive Margin","between_theil","Value","0.244961617234082","0.245815022149529","0.235563952995562","0.235809402868654",
"Cabo Verde","624","Intensive Margin","within_theil","Value","4.25107185644447","4.19149593164911","4.18155413720524","4.24525966402143",
"Bangladesh","513","Extensive Margin","between_theil","Value","0.0610234960827903","0.0677794027531053","0.0643744276646574","0.0593254305422306",
"Iran, Islamic Republic of","429","Export Diversification Index","total_theil","Value","5.1299734","4.8038912","4.545599","4.64464",
"Iraq","433","Extensive Margin","between_theil","Value","2.00019067097163","2.00388167450724","2.00333678622279","2.00378183755674",
"Venezuela, Republica Bolivariana de","299","Extensive Margin","between_theil","Value","1.13869413989596","1.15401573316193","1.16925570857711","1.10043121641502",
"Morocco","686","Export Diversification Index","total_theil","Value","2.9250271","2.8831656","2.8739932","2.9162343",
"Moldova","921","Extensive Margin","between_theil","Value","0.104472033679485","0.118747288730414","0.11495445115699","0.104472033679485",
"Moldova","921","Intensive Margin","within_theil","Value","2.57341027259827","2.60676349686491","2.59177218110562","2.631991147995",
"Moldova","921","Export Diversification Index","total_theil","Value","2.6778822","2.7255108","2.7067266","2.7364631",
"Madagascar","674","Extensive Margin","between_theil","Value","0.863601518887203","0.828872170926957","0.384517837514068","0.304848551750183",
"Madagascar","674","Intensive Margin","within_theil","Value","2.75245929630273","2.70370884565637","3.08038103580475","3.21651232242584",
"Madagascar","674","Export Diversification Index","total_theil","Value","3.6160607","3.5325811","3.4648988","3.5213609",
"Maldives","556","Extensive Margin","between_theil","Value","0.256864118112903","0.255388698258023","0.25142989417767","0.251543045043945",
"Maldives","556","Intensive Margin","within_theil","Value","5.09470203972205","5.25060578069861","5.35861904833655","5.28853607177734",
"Burundi","618","Extensive Margin","between_theil","Value","2.19653326498212","1.96614777474468","1.45826680899611","0.843470089137554",
"Burundi","618","Intensive Margin","within_theil","Value","2.5741116538411","2.57496950297354","2.66171717643738","2.60084068775177",
"Burundi","618","Export Diversification Index","total_theil","Value","4.7706451","4.5411172","4.1199841","3.4443107",
"Belgium","124","Extensive Margin","between_theil","Value","0.0391565933823586","0.0391567125916481","0.0391567125916481","0.0391567125916481",
"Belgium","124","Intensive Margin","within_theil","Value","1.86731374263763","1.9163613319397","2.01243805885315","1.98045825958252",
"Belgium","124","Export Diversification Index","total_theil","Value","1.9064703","1.955518","2.0515947","2.0196149",
"Benin","638","Extensive Margin","between_theil","Value","0.447999148010808","0.62701733349396","0.866662767666114","0.788247808814049",
"Benin","638","Intensive Margin","within_theil","Value","3.35744586231885","3.20446906132202","2.9802405834198","2.75818824768066",
"Benin","638","Export Diversification Index","total_theil","Value","3.805445","3.8314865","3.8469033","3.5464361",
"Burkina Faso","748","Extensive Margin","between_theil","Value","1.14462697470788","1.33930575327937","1.338446794427","0.602290600538254",
"Burkina Faso","748","Intensive Margin","within_theil","Value","3.52996759945722","3.27270598150426","3.04341528471559","3.1652181148529",
"Burkina Faso","748","Export Diversification Index","total_theil","Value","4.6745944","4.6120119","4.3818622","3.7675087",
"Tonga","866","Export Diversification Index","total_theil","Value","2.9994655","3.0665262","3.0606186","3.166291",
"Trinidad and Tobago","369","Extensive Margin","between_theil","Value","-0.0229786951095194","-0.0180080841068255","-0.0232566207381482","-0.0152211524546146",
"Trinidad and Tobago","369","Intensive Margin","within_theil","Value","4.39847791194916","4.4568852186203","4.50583863258362","4.59531050920487",
"Trinidad and Tobago","369","Export Diversification Index","total_theil","Value","4.3754992","4.4388771","4.4825821","4.5800896",
"Tunisia","744","Extensive Margin","between_theil","Value","0.309455168014907","0.338417686522002","0.338507666979293","0.288393020629883",
"Tunisia","744","Intensive Margin","within_theil","Value","2.35917741656885","2.34769678115845","2.35069120779428","2.50370633602142",
"Tunisia","744","Export Diversification Index","total_theil","Value","2.6686325","2.6861145","2.689199","2.7920995",
"Turkey","186","Extensive Margin","between_theil","Value","0.114598922430369","0.113110668954208","0.117067493498325","0.134776934981346",
"Turkey","186","Intensive Margin","within_theil","Value","1.690898001194","1.67841303348539","1.64183539152145","1.67672747373581",
"Kuwait","443","Intensive Margin","within_theil","Value","3.92720146015518","3.9347120608877","3.60369202670566","3.61067907512188",
"Kuwait","443","Export Diversification Index","total_theil","Value","5.7911296","5.8203545","5.6415038","5.6440325",
"Lao People's Democratic Republic","544","Extensive Margin","between_theil","Value","0.0932530613504241","0.0935550218548014","0.0881120290040414","0.0981073640286922",
"Lao People's Democratic Republic","544","Intensive Margin","within_theil","Value","3.79197162966011","3.58176955401086","3.55399018526077","3.61811418831348",
"Lao People's Democratic Republic","544","Export Diversification Index","total_theil","Value","3.8852246","3.6753247","3.6421022","3.7162216",
"Lebanon","446","Extensive Margin","between_theil","Value","0.193925611645328","0.345722823583969","0.359213147312403","0.292250618338585",
"Netherlands","138","Export Diversification Index","total_theil","Value","1.9062451","2.2436399","2.0067468","1.9512398",
"Norway","142","Extensive Margin","between_theil","Value","0.175155346939654","0.172780654479381","0.174492994432509","0.16986716487736",
"Slovak Republic","936","Extensive Margin","between_theil","Value","0.0016731115995755","0.0016789627251796","0.0016792014939631","0",
"Slovak Republic","936","Intensive Margin","within_theil","Value","2.39492344856262","2.45601582527159","2.43675994873047","2.40135717391968",
"Slovak Republic","936","Export Diversification Index","total_theil","Value","2.3965967","2.4576948","2.4384391","2.4013572",
"Slovenia","961","Extensive Margin","between_theil","Value","0.0046197865041222","0.0016708712792024","0.003344420110624","0.0016708712792024",
"Slovenia","961","Intensive Margin","within_theil","Value","1.96476488298504","1.9741176366806","1.96835231781006","1.99870765209198",
"Slovenia","961","Export Diversification Index","total_theil","Value","1.9693847","1.9757885","1.9716967","2.0003786",
"Senegal","722","Intensive Margin","within_theil","Value","2.39520865873783","2.2768215239048","2.29444944858551","2.30828058719635",
"Senegal","722","Export Diversification Index","total_theil","Value","3.157248","2.9865279","2.973978","2.9858382",
"Serbia and Montenegro","965","Extensive Margin","between_theil","Value","0.0033544351524817","0.0033666351793644","0.0016752514962433","0",
"Serbia and Montenegro","965","Intensive Margin","within_theil","Value","1.73428119796756","1.7210099763451","1.97621488571167","1.95616054534912",
"Serbia and Montenegro","965","Export Diversification Index","total_theil","Value","1.7376356","1.7243766","1.9778901","1.9561605",
"Singapore","576","Extensive Margin","between_theil","Value","0.130512634757906","0.128094162326306","0.150305326096713","0.154459093697369",
"Norway","142","Export Diversification Index","total_theil","Value","3.8805571","3.8751743","3.7595756","3.7638233",
"Nepal","558","Extensive Margin","between_theil","Value","0.0241152704725209","0.0291093627367616","0.0181074871926681","0.0036100521683693",
"Nepal","558","Intensive Margin","within_theil","Value","2.34040749329142","2.36851006680081","2.38386332503614","2.46453234553337",
"Nepal","558","Export Diversification Index","total_theil","Value","2.3645227","2.3976195","2.4019709","2.4681425",
"New Zealand","196","Extensive Margin","between_theil","Value","0.421502348035574","0.462380580604076","0.492348469793796","0.511226233094931",
"New Zealand","196","Intensive Margin","within_theil","Value","1.88907301425934","1.8672091960907","1.89720031619072","1.98477721214294",
"New Zealand","196","Export Diversification Index","total_theil","Value","2.3105752","2.3295898","2.3895488","2.4960034",
"Oman","449","Extensive Margin","between_theil","Value","2.07361824808473","2.49458954483271","2.33637842908465","1.81820721179247",
"Oman","449","Intensive Margin","within_theil","Value","2.38474459335691","2.45190069079399","2.58911888040487","2.54872471094132",
"Oman","449","Export Diversification Index","total_theil","Value","4.4583631","4.9464903","4.9254975","4.3669319",
"Pakistan","564","Extensive Margin","between_theil","Value","0.544098839150626","0.608205403385522","0.595344631692733","0.643654648214579",
"Pakistan","564","Intensive Margin","within_theil","Value","2.42793973308292","2.38208857178656","2.38681383265794","2.43590703606605",
"Pakistan","564","Export Diversification Index","total_theil","Value","2.9720385","2.990294","2.9821584","3.0795617",
"Kenya","664","Intensive Margin","within_theil","Value","2.70698988437653","2.63401162624359","2.55073761940002","2.60054552555084",
"Kenya","664","Export Diversification Index","total_theil","Value","2.8508008","2.8087614","2.7126584","2.745928",
"Kyrgyz Republic","917","Extensive Margin","between_theil","Value","0.1162793652461","0.115045088489623","0.116872715914106","0.109814904630184",
"South Sudan","733","Extensive Margin","between_theil","Value","0","2.43281305187156","0.287294289699076","0.205852031707764",
"South Sudan","733","Intensive Margin","within_theil","Value","0","2.68518237723038","4.83566437856643","4.92714262008667",
"South Sudan","733","Export Diversification Index","total_theil","Value","0","5.1179953","5.1229587","5.1329947",
"Sao Tome and Principe","716","Extensive Margin","between_theil","Value","0.0040582150018054","-0.0002164740879183","0.0025164749044961","0.0111760440122453",
"Sao Tome and Principe","716","Intensive Margin","within_theil","Value","4.02837053127587","4.23442871309687","4.75495310034603","4.80818333104253",
"Sao Tome and Principe","716","Export Diversification Index","total_theil","Value","4.0324287","4.2342124","4.7574697","4.8193593",
"Suriname","366","Extensive Margin","between_theil","Value","0.59840983191739","0.306249552727071","0.449480748985882","0.445492804050446",
"Suriname","366","Intensive Margin","within_theil","Value","3.8251269471657","3.54185729280357","3.36921398362804","3.2451776266098",
"Suriname","366","Export Diversification Index","total_theil","Value","4.4235368","3.8481069","3.8186948","3.6906705",
"Malawi","676","Intensive Margin","within_theil","Value","4.39496588805923","4.61056385108282","4.60691616062104","4.77952814102173",
"Malawi","676","Export Diversification Index","total_theil","Value","4.5029445","4.7150288","4.7095633","4.878686",
"Malaysia","548","Extensive Margin","between_theil","Value","0.0048116138204931","0.0048116138204905","0.0032051643356681","0.0032051643356681",
"Malaysia","548","Intensive Margin","within_theil","Value","2.70116829872131","2.67697906494141","2.72652196884155","2.68464064598083",
"Malaysia","548","Export Diversification Index","total_theil","Value","2.7059798","2.6817906","2.729727","2.6878457",
"Namibia","728","Extensive Margin","between_theil","Value","0.0593222900720222","0.0576291978359222","0.0576290786266327","0.0576290786266327",
"Namibia","728","Intensive Margin","within_theil","Value","3.46660327911377","3.41334056854248","3.16563892364502","3.31674361228943",
"Namibia","728","Export Diversification Index","total_theil","Value","3.5259256","3.4709697","3.223268","3.3743727",
"French Territories: New Caledonia","839","Extensive Margin","between_theil","Value","2.18690108208415","2.08374684983119","1.90479263290763","2.0342427752912",
"Cabo Verde","624","Export Diversification Index","total_theil","Value","4.4960337","4.4373112","4.4171181","4.4810691",
"Costa Rica","238","Extensive Margin","between_theil","Value","0.0429103763308376","0.0755963353335826","0.0648391776809935","0.0437026796862483",
"Costa Rica","238","Intensive Margin","within_theil","Value","4.08579316735268","4.2731418494393","4.24628141406083","4.0220168530941",
"Costa Rica","238","Export Diversification Index","total_theil","Value","4.1287036","4.3487382","4.3111205","4.0657196",
"Cuba","928","Extensive Margin","between_theil","Value","0.879839542627451","1.14058920927909","0.886897415552085","0.896030358970165",
"Georgia","915","Export Diversification Index","total_theil","Value","3.1553485","3.1080363","3.0356369","2.9986584",
"Turkmenistan","925","Extensive Margin","between_theil","Value","0.0394926644123892","0.0396037360531141","0.0395501803407932","0.0275607760995626",
"Turkmenistan","925","Intensive Margin","within_theil","Value","5.36608700850047","5.59076061338101","5.53000673788301","5.4020881652832",
"Turkmenistan","925","Export Diversification Index","total_theil","Value","5.4055796","5.6303644","5.5695567","5.4296489",
"Tonga","866","Extensive Margin","between_theil","Value","0.0330912394433085","0.0306541758083227","0.0283159110695124","0.0283159110695124",
"Tonga","866","Intensive Margin","within_theil","Value","2.96637419325998","3.03587198258291","3.03230261802673","3.13797497749329",
"Djibouti","611","Export Diversification Index","total_theil","Value","3.5968573","3.2222455","3.5916781","3.7731085",
"Dominica","321","Extensive Margin","between_theil","Value","0.147541809806768","0.149659885535073","0.13886717416608","0.144332304596901",
"Dominica","321","Intensive Margin","within_theil","Value","2.83558210677711","2.72240076356684","2.69119739532471","2.70847702026367",
"Dominica","321","Export Diversification Index","total_theil","Value","2.983124","2.8720605","2.8300645","2.8528094",
"St. Kitts and Nevis","361","Intensive Margin","within_theil","Value","3.86036896705627","4.00497450726834","3.88611793518066","4.10262107849121",
"St. Kitts and Nevis","361","Export Diversification Index","total_theil","Value","4.113935","4.2625489","4.137661","4.3541641",
"Korea, Republic of","542","Extensive Margin","between_theil","Value","0.151428312063217","0.18010388314724","0.197803407907486","0.191124930977821",
"Korea, Republic of","542","Intensive Margin","within_theil","Value","2.28341245651245","2.25926822423935","2.25578957796097","2.22760266065597",
"Korea, Republic of","542","Export Diversification Index","total_theil","Value","2.4348407","2.4393721","2.453593","2.4187276",
"Kuwait","443","Extensive Margin","between_theil","Value","1.8639282350325","1.8856424846081","2.03781162201377","2.03335344558582",
"India","534","Intensive Margin","within_theil","Value","2.14448529481888","1.98318795859814","2.09700287878513","1.99037609994411",
"India","534","Export Diversification Index","total_theil","Value","2.3289332","2.152832","2.266109","2.1553607",
"Ireland","178","Extensive Margin","between_theil","Value","0.145956341168267","0.122578984126449","0.121737392619252","0.0980017650872469",
"Ireland","178","Intensive Margin","within_theil","Value","2.95484828948975","2.94034737348557","2.8347869515419","2.84060746431351",
"Ireland","178","Export Diversification Index","total_theil","Value","3.1008046","3.0629263","2.9565244","2.9386091",
"Iran, Islamic Republic of","429","Extensive Margin","between_theil","Value","0.942265970632404","0.795933729928184","0.741226714104152","0.775268368422985",
"Iran, Islamic Republic of","429","Intensive Margin","within_theil","Value","4.18770724534988","4.00795734430358","3.80437213182449","3.86937177181244",
"Cameroon","622","Intensive Margin","within_theil","Value","4.03890705108643","4.0742781162262","4.41417920589447","4.48617517948151",
"Cameroon","622","Export Diversification Index","total_theil","Value","4.1535034","4.1564679","4.4535995","4.5264754",
"Congo, Republic of","634","Extensive Margin","between_theil","Value","1.28615855809282","1.28860856468871","1.28041212282582","1.30343613080913",
"Congo, Republic of","634","Intensive Margin","within_theil","Value","4.15589404059483","4.29810568950595","3.94069124432645","3.87588129378855",
"Congo, Republic of","634","Export Diversification Index","total_theil","Value","5.4420524","5.5867143","5.2211032","5.1793175",
"Colombia","233","Extensive Margin","between_theil","Value","0.311679467558776","0.353783443569865","0.446657717227936","0.471127312630415",
"China, P.R.: Hong Kong","532","Extensive Margin","between_theil","Value","0.228647241136059","0.232425476307981","0.230056829139345","0.232068778277608",
"China, P.R.: Hong Kong","532","Intensive Margin","within_theil","Value","3.16289929673076","3.36155683360994","3.41283007152379","3.32290007732809",
"China, P.R.: Hong Kong","532","Export Diversification Index","total_theil","Value","3.3915465","3.5939822","3.6428869","3.5549688",
"Honduras","268","Extensive Margin","between_theil","Value","0.118082508411219","0.0989222822554727","0.0414998999145766","0.0460533648729324",
"Honduras","268","Intensive Margin","within_theil","Value","3.27963740737749","3.23404979818167","3.15111708641052","3.08641374111175",
"Honduras","268","Export Diversification Index","total_theil","Value","3.3977199","3.332972","3.1926169","3.132467",
"Lebanon","446","Intensive Margin","within_theil","Value","2.12114733193499","1.95237529743463","1.8714325428009","1.78158533573151",
"Lebanon","446","Export Diversification Index","total_theil","Value","2.315073","2.2980981","2.2306457","2.0738358",
"Liberia","668","Extensive Margin","between_theil","Value","1.55765911002982","1.43033888015009","1.96767257619649","2.15663038659841",
"Liberia","668","Intensive Margin","within_theil","Value","2.89721968676895","2.83782749230159","2.7523567378521","2.67660450935364",
"Liberia","668","Export Diversification Index","total_theil","Value","4.4548788","4.2681665","4.7200294","4.8332348",
"Libya","672","Extensive Margin","between_theil","Value","1.23698526817262","1.33625302993184","1.2751893424443","0.95062181353569",
"Libya","672","Intensive Margin","within_theil","Value","4.76803643234416","4.8370578235772","4.80623972415924","4.85057437419891",
"Libya","672","Export Diversification Index","total_theil","Value","6.0050216","6.1733108","6.081429","5.8011961",
"St. Lucia","362","Extensive Margin","between_theil","Value","0.274316974042851","0.272226342965496","0.267839658347384","0.270235180854797",
"St. Lucia","362","Intensive Margin","within_theil","Value","4.88419140222504","3.61002333136275","3.70663234626409","3.66046261787415",
"Brazil","223","Intensive Margin","within_theil","Value","2.30246235430241","2.25888475775719","2.23193244636059","2.26711937785149",
"Iraq","433","Intensive Margin","within_theil","Value","4.41492754887895","4.41216016011953","4.40206713207044","4.39860417228192",
"Iraq","433","Export Diversification Index","total_theil","Value","6.4151182","6.4160419","6.4054041","6.4023862",
"Iceland","176","Extensive Margin","between_theil","Value","0.184259585785904","0.192153140207393","0.370850848673172","0.139251425862312",
"Iceland","176","Intensive Margin","within_theil","Value","3.82614906121097","3.81280944966738","3.53987236873945","3.93118953704834",
"Iceland","176","Export Diversification Index","total_theil","Value","4.0104089","4.0049624","3.9107232","4.0704408",
"Korea, Democratic People's Rep. of","954","Export Diversification Index","total_theil","Value","3.0703607","3.2833455","3.4649811","3.3105395",
"Portugal","182","Extensive Margin","between_theil","Value","0.175443852669559","0.175294553046115","0.175445132597661","0.175170382892247",
"Portugal","182","Intensive Margin","within_theil","Value","1.60922824591398","1.61505916714668","1.63929827138782","1.61689923331141",
"Portugal","182","Export Diversification Index","total_theil","Value","1.7846721","1.7903538","1.8147434","1.7920697",
"Paraguay","288","Extensive Margin","between_theil","Value","0.0143787816496115","0.0498698813097453","0.0807828379134457","0.223413713276386",
"Canada","156","Extensive Margin","between_theil","Value","0.0812128199395374","0.0799150730235851","0.0794637235303526","0.0797870565183985",
"Canada","156","Intensive Margin","within_theil","Value","2.13555887527764","2.20096207037568","2.19145748857409","2.2357857786119",
"Canada","156","Export Diversification Index","total_theil","Value","2.2167716","2.2808771","2.2709212","2.3155727",
"Switzerland","146","Extensive Margin","between_theil","Value","0.067811705677741","0.06753090146864","0.067428353087962","0.0686694058983903",
"Switzerland","146","Intensive Margin","within_theil","Value","2.13183088134974","2.27474907552823","2.38732491852716","2.3315825976897",
"Switzerland","146","Export Diversification Index","total_theil","Value","2.1996427","2.3422799","2.4547532","2.4002521",
"Chile","228","Extensive Margin","between_theil","Value","0.76783516630529","0.785846991432518","0.783930645189105","0.768095128238201",
"Chile","228","Intensive Margin","within_theil","Value","2.89333109557629","2.84064951539043","2.81961216032505","2.73781004548073",
"Chile","228","Export Diversification Index","total_theil","Value","3.6611662","3.6264966","3.6035428","3.5059052",
"China, P.R.: Mainland","924","Extensive Margin","between_theil","Value","0.0980906672775745","0.10012248903513","0.109940811991692","0.116722352802754",
"China, P.R.: Mainland","924","Intensive Margin","within_theil","Value","1.89284574985504","1.91676777601242","1.9243221282959","1.88910874724388",
"China, P.R.: Mainland","924","Export Diversification Index","total_theil","Value","1.9909364","2.0168903","2.0342629","2.005831",
"Marshall Islands, Republic of","867","Export Diversification Index","total_theil","Value","5.7049513","5.2835112","5.0858436","5.4535508",
"North Macedonia, Republic of","962","Extensive Margin","between_theil","Value","0.0764492377638817","0.0799088627078616","0.0815889955572295","0.0764491185545921",
"North Macedonia, Republic of","962","Intensive Margin","within_theil","Value","2.91099071502686","2.90327855369726","2.94416075953814","3.040691614151",
"Brunei Darussalam","516","Export Diversification Index","total_theil","Value","5.5282516","5.5154305","5.5716825","5.3838382",
"Bhutan","514","Extensive Margin","between_theil","Value","0.74927891464904","0.78094378602691","0.851020814350363","0.850502908229828",
"Bhutan","514","Intensive Margin","within_theil","Value","3.44028850272298","3.31016008835286","4.20514670270495","3.97140979766846",
"Bhutan","514","Export Diversification Index","total_theil","Value","4.1895676","4.091104","5.0561676","4.8219128",
"Botswana","616","Extensive Margin","between_theil","Value","0.0903573631004331","0.088606856622425","0.0868659541010857","0.0868659541010857",
"Botswana","616","Intensive Margin","within_theil","Value","5.79277598685223","5.60394763946533","5.86140966415405","5.73526477813721",
"Botswana","616","Export Diversification Index","total_theil","Value","5.8831334","5.6925545","5.9482756","5.8221307",
"Central African Republic","626","Extensive Margin","between_theil","Value","2.36895838859198","2.18682608441444","2.27881533864804","2.20419706404209",
"Central African Republic","626","Intensive Margin","within_theil","Value","2.41589356347686","2.58113468353986","2.39003939926624","2.60797840356827",
"Central African Republic","626","Export Diversification Index","total_theil","Value","4.784852","4.7679605","4.6688547","4.8121753",
"Thailand","578","Export Diversification Index","total_theil","Value","1.9718831","2.0303612","2.0060999","1.9635195",
"Sweden","144","Extensive Margin","between_theil","Value","0.0573429278393292","0.0572353071390239","0.0573157741645218","0.0573152624415059",
"Sweden","144","Intensive Margin","within_theil","Value","1.96399453363847","1.98201932501979","1.94033404841321","1.93413064809283",
"Sweden","144","Export Diversification Index","total_theil","Value","2.0213375","2.0392547","1.9976498","1.9914459",
"Swaziland","734","Extensive Margin","between_theil","Value","0.0158689664296219","0.0124415670876884","0.0124441003403532","0.0106573011726141",
"Swaziland","734","Intensive Margin","within_theil","Value","2.73615080286254","3.00737285614014","3.15926623344421","3.16792416572571",
"Swaziland","734","Export Diversification Index","total_theil","Value","2.7520199","3.0198145","3.1717103","3.1785815",
"Seychelles","718","Extensive Margin","between_theil","Value","0.0206947816556635","0.0200309492820452","0.0134219853132336","0.0114944828674197",
"Seychelles","718","Intensive Margin","within_theil","Value","5.0994499513763","4.81711738184094","5.04285335540771","5.02860116958618",
"Seychelles","718","Export Diversification Index","total_theil","Value","5.1201448","4.8371482","5.0562754","5.0400958",
"United Arab Emirates","466","Intensive Margin","within_theil","Value","3.68288064002991","3.79033517837494","3.82954502105713","3.84522414207458",
"United Arab Emirates","466","Export Diversification Index","total_theil","Value","3.6957402","3.8031967","3.8424044","3.858079",
"Argentina","213","Extensive Margin","between_theil","Value","0.322520201094449","0.33083190699108","0.326800604118034","0.329011300345883",
"Argentina","213","Intensive Margin","within_theil","Value","2.14904709160328","2.17833509296179","2.21912224590778","2.27430820465088",
"Argentina","213","Export Diversification Index","total_theil","Value","2.4715674","2.509167","2.5459228","2.6033194",
"Sri Lanka","524","Extensive Margin","between_theil","Value","0.20827361177703","0.217233933504383","0.236498937010765","0.242959506809712",
"Sri Lanka","524","Intensive Margin","within_theil","Value","2.96006824668188","2.95199906206363","3.00785100460052","2.97761785984039",
"Sri Lanka","524","Export Diversification Index","total_theil","Value","3.1683419","3.1692331","3.24435","3.2205775",
"Lesotho","666","Extensive Margin","between_theil","Value","0.221118761079211","0.219050282195969","0.213193282485008","0.213193282485008",
"Germany","134","Extensive Margin","between_theil","Value","0.0096006117425373","0.0095976031818115","0.0096093995003206","0.0095898984595699",
"Venezuela, Republica Bolivariana de","299","Export Diversification Index","total_theil","Value","5.5750537","5.681313","5.8683786","5.9491687",
"Virgin Islands, British","371","Extensive Margin","between_theil","Value","0.0186434999929412","0.0167981773312614","0.025446427585166","0.0149255935102701",
"Virgin Islands, British","371","Intensive Margin","within_theil","Value","3.80727682005454","5.38007545471191","4.08960905799177","3.70296311378479",
"Virgin Islands, British","371","Export Diversification Index","total_theil","Value","3.8259203","5.3968735","4.1150556","3.7178886",
"Kyrgyz Republic","917","Intensive Margin","within_theil","Value","2.56455767469015","2.5262707153961","2.53859777000253","2.8012273311615",
"Bangladesh","513","Intensive Margin","within_theil","Value","4.74159097671509","4.82671355753337","4.88011611064212","4.89169836044312",
"Bangladesh","513","Export Diversification Index","total_theil","Value","4.8026147","4.8944931","4.9444904","4.9510236",
"Bulgaria","918","Extensive Margin","between_theil","Value","0.356080241495634","0.327713481503067","0.348498158156872","0.324404828250408",
"Bulgaria","918","Intensive Margin","within_theil","Value","1.84173375368118","1.92645566174269","1.886284917593","1.77618587017059",
"Tajikistan","923","Extensive Margin","between_theil","Value","0.021634602914645","0.0165458334734012","0.0118414953755019","0.0059229806065559",
"Tajikistan","923","Intensive Margin","within_theil","Value","4.16321455677098","4.62826677574776","4.33254317954197","3.80541968345642",
"Tajikistan","923","Export Diversification Index","total_theil","Value","4.1848493","4.6448126","4.3443847","3.8113427",
"Spain","184","Extensive Margin","between_theil","Value","0.128268896252848","0.127704463317059","0.132263443316333","0.132273131981492",
"Spain","184","Intensive Margin","within_theil","Value","1.59872737154365","1.60195524245501","1.61032021045685","1.61118311434984",
"Spain","184","Export Diversification Index","total_theil","Value","1.7269963","1.7296597","1.7425836","1.7434562",
"Estonia","939","Extensive Margin","between_theil","Value","0.0626569426236614","0.0542449876666069","0.0559311955185562","0.0542449876666069",
"Estonia","939","Intensive Margin","within_theil","Value","2.47289467397059","2.48903441429138","2.25570750236511","2.36765742301941",
"Estonia","939","Export Diversification Index","total_theil","Value","2.5355515","2.5432794","2.3116386","2.4219024",
"Ethiopia","644","Extensive Margin","between_theil","Value","0.146179452501783","0.149885624426298","0.153592956927331","0.14433242380619",
"Ethiopia","644","Intensive Margin","within_theil","Value","4.05719327926636","3.92306959305597","3.66233751698928","3.80149388313294",
"Venezuela, Republica Bolivariana de","299","Intensive Margin","within_theil","Value","4.43635931611061","4.52729737261083","4.69912315160036","4.84873762726784",
"Bermuda","319","Extensive Margin","between_theil","Value","1.47998759874866","0.683136204553914","0.07713992105064","0.475966669619083",
"Bermuda","319","Intensive Margin","within_theil","Value","4.00685420632362","3.7512286901474","5.00615233182907","3.58472144603729",
"Bermuda","319","Export Diversification Index","total_theil","Value","5.4868417","4.4343648","5.0832925","4.060688",
"Bolivia","218","Extensive Margin","between_theil","Value","0.0420580203213502","0.002333532422786","0.0005816370248795","0.001538909971714",
"Bolivia","218","Intensive Margin","within_theil","Value","3.7418843726613","3.92478233575821","4.01718908548355","4.14289754629135",
"Bolivia","218","Export Diversification Index","total_theil","Value","3.7839425","3.9271159","4.0177708","4.1444364",
"Cuba","928","Intensive Margin","within_theil","Value","2.72226801794022","2.46934974193631","2.55368557019392","2.78053599596024",
"Cuba","928","Export Diversification Index","total_theil","Value","3.6021075","3.6099389","3.440583","3.6765664",
"Cayman Islands","377","Extensive Margin","between_theil","Value","0.241229016008206","0.237242475152016","0.241283027872661","0.237242475152016",
"Cayman Islands","377","Intensive Margin","within_theil","Value","5.94203498378556","5.327880859375","5.09576741009914","5.57941102981567",
"Cayman Islands","377","Export Diversification Index","total_theil","Value","6.1832638","5.5651236","5.3370504","5.8166537",
"Cyprus","423","Extensive Margin","between_theil","Value","0.0547905333071697","0.122557799519768","0.14315755588372","0.0880941972136498",
"Cyprus","423","Intensive Margin","within_theil","Value","2.0318329873553","1.93242702435236","2.00958693027496","2.0705543756485",
"Cyprus","423","Export Diversification Index","total_theil","Value","2.0866234","2.0549848","2.1527445","2.1586485",
"Maldives","556","Export Diversification Index","total_theil","Value","5.3515663","5.5059943","5.6100488","5.5400791",
"Mexico","273","Extensive Margin","between_theil","Value","0.264932572841644","0.267992900684476","0.276796110905707","0.274339227005839",
"Mexico","273","Intensive Margin","within_theil","Value","2.22994086146355","2.24350883066654","2.19354812800884","2.15660087764263",
"Mexico","273","Export Diversification Index","total_theil","Value","2.4948735","2.5115018","2.4703443","2.4309402",
"Marshall Islands, Republic of","867","Extensive Margin","between_theil","Value","0.874143731254662","0.839308261489227","0.835476983249191","0.831949591636658",
"Marshall Islands, Republic of","867","Intensive Margin","within_theil","Value","4.83080736966804","4.44420269387456","4.25036668777466","4.62160110473633",
"Panama","283","Extensive Margin","between_theil","Value","0.367453433573246","0.532945718616247","0.477014768657269","0.317111026495695",
"Panama","283","Intensive Margin","within_theil","Value","2.02379047870636","1.81135022640228","2.2696373462677","2.33707684278488",
"Panama","283","Export Diversification Index","total_theil","Value","2.3912439","2.344296","2.7466521","2.6541879",
"Syrian Arab Republic","463","Extensive Margin","between_theil","Value","0.931965295225382","0.0660250356175816","0.0218958780169487","0.0617024153470993",
"Syrian Arab Republic","463","Intensive Margin","within_theil","Value","3.36735853552818","1.95710569620132","2.17886990308762","2.22666317224503",
"Syrian Arab Republic","463","Export Diversification Index","total_theil","Value","4.299324","2.0231307","2.2007658","2.2883656",
"Chad","628","Extensive Margin","between_theil","Value","0.065905089758214","0.0567706073870795","0.0617487727930222","0.0584289453690872",
"Korea, Democratic People's Rep. of","954","Intensive Margin","within_theil","Value","2.56272176016137","2.64595374825876","2.79658579490206","2.889315366745",
"North Macedonia, Republic of","962","Export Diversification Index","total_theil","Value","2.9874399","2.9831874","3.0257497","3.1171408",
"Mali","678","Extensive Margin","between_theil","Value","0.535198793543117","0.646879596444109","0.642628535628319","0.642005071043968",
"Mali","678","Intensive Margin","within_theil","Value","3.44514514719776","3.63073291859473","3.66093957424164","3.51601779460907",
"Mali","678","Export Diversification Index","total_theil","Value","3.9803441","4.2776127","4.3035679","4.1580229",
"Malta","181","Extensive Margin","between_theil","Value","1.06335160077953","1.00335094061299","1.02665662451465","0.953891418874264",
"Malta","181","Intensive Margin","within_theil","Value","3.11725052284601","3.10502026776794","2.96620189280657","2.97383773326874",
"Malta","181","Export Diversification Index","total_theil","Value","4.1806021","4.1083713","3.9928584","3.9277291",
"Myanmar","518","Extensive Margin","between_theil","Value","0.16901586200526","0.0966697650105557","0.171997129909624","0.482966534793377",
"Myanmar","518","Intensive Margin","within_theil","Value","3.77016778977122","3.8879120620386","3.73326671123505","4.04734742641449",
"Myanmar","518","Export Diversification Index","total_theil","Value","3.9391837","3.9845817","3.9052639","4.530314",
"Mongolia","948","Extensive Margin","between_theil","Value","0.130415997208568","0.126945675432097","0.119245672124094","0.124905344273429",
"Mongolia","948","Intensive Margin","within_theil","Value","4.35654810910273","4.37918301652826","4.29728624601739","4.54376544803381",
"Mongolia","948","Export Diversification Index","total_theil","Value","4.4869642","4.5061288","4.416532","4.6686707",
"Mozambique","688","Extensive Margin","between_theil","Value","0.0337598913249764","0.0236713566231681","0.0323467922962841","0.0287391096353531",
"Mozambique","688","Intensive Margin","within_theil","Value","4.37682018020132","4.10999950102087","3.95587546069692","3.90567302703857",
"Mozambique","688","Export Diversification Index","total_theil","Value","4.4105802","4.1336708","3.9882224","3.9344122",
"Mauritania","682","Extensive Margin","between_theil","Value","0.137337615039371","0.0917905337214151","0.103727088856312","0.0867972783744335",
"Mauritania","682","Intensive Margin","within_theil","Value","4.8574017585488","4.5807663759042","4.56919991970062","4.42279380559921",
"French Territories: New Caledonia","839","Intensive Margin","within_theil","Value","3.41279201673751","3.28210938791744","3.16771155595779","3.25519213080406",
"French Territories: New Caledonia","839","Export Diversification Index","total_theil","Value","5.5996933","5.3658562","5.072504","5.2894349",
"Niger","692","Extensive Margin","between_theil","Value","0.157344105508599","0.0125797565560788","0.238950250395302","0.0193554097786546",
"Brazil","223","Export Diversification Index","total_theil","Value","2.6026452","2.5704279","2.5355728","2.5630639",
"Barbados","316","Extensive Margin","between_theil","Value","0.0758274643344274","0.0333293676376343","0.598037794232368","0.751207754015923",
"Barbados","316","Intensive Margin","within_theil","Value","2.34743750095367","2.32569122314453","2.37970364093781","2.44023156166077",
"Barbados","316","Export Diversification Index","total_theil","Value","2.423265","2.3590207","2.9777415","3.1914394",
"Brunei Darussalam","516","Extensive Margin","between_theil","Value","0.41900422616018","0.411871939502194","0.404662311053305","0.399880737066269",
"Brunei Darussalam","516","Intensive Margin","within_theil","Value","5.10924756900931","5.10355861121161","5.16702024900587","4.98395729064941",
"Peru","293","Extensive Margin","between_theil","Value","0.576168279134189","0.563350223936141","0.557870073243976","0.495368205010891",
"Peru","293","Intensive Margin","within_theil","Value","2.48458302980475","2.42621563374996","2.46167607605457","2.37440124154091",
"Peru","293","Export Diversification Index","total_theil","Value","3.0607512","2.9895658","3.019546","2.8697693",
"Philippines","566","Extensive Margin","between_theil","Value","0.488739676716091","0.45385761263315","0.483862914144993","0.518675722181797",
"Philippines","566","Intensive Margin","within_theil","Value","2.65903434392794","2.6426997877752","2.576096534729","2.56313848495483",
"Denmark","128","Extensive Margin","between_theil","Value","0.0750814296957287","0.0752280511019308","0.0752662696731932","0.075187027665379",
"Denmark","128","Intensive Margin","within_theil","Value","1.93921717163175","2.01417724858038","1.98502584453672","1.96648547239602",
"Denmark","128","Export Diversification Index","total_theil","Value","2.0142987","2.0894053","2.060292","2.0416725",
"Dominican Republic","243","Extensive Margin","between_theil","Value","0.0421096757054329","0.0589233573227546","0.0449470577686539","0.0787667706608772",
"Dominican Republic","243","Intensive Margin","within_theil","Value","2.39843791723251","2.35493250341096","2.41913777589798","2.34081852436066",
"Dominican Republic","243","Export Diversification Index","total_theil","Value","2.4405477","2.4138558","2.4640849","2.4195852",
"Algeria","612","Extensive Margin","between_theil","Value","0.569910298652032","0.566231168428152","0.572969610628206","0.559522674535401",
"Algeria","612","Intensive Margin","within_theil","Value","4.7864259119156","4.82197962007149","4.85052263364196","4.74807671085",
"Algeria","612","Export Diversification Index","total_theil","Value","5.3563361","5.3882108","5.4234924","5.3075995",
"Ecuador","248","Extensive Margin","between_theil","Value","1.15146197750845","1.11707938923965","1.17770939878915","1.21779389493167",
"Ecuador","248","Intensive Margin","within_theil","Value","2.92243719100952","2.97064448822198","3.05117144770162","3.08019489049911",
"Ecuador","248","Export Diversification Index","total_theil","Value","4.0738993","4.0877237","4.2288809","4.2979889",
"Cote d'Ivoire","662","Extensive Margin","between_theil","Value","0.590846331633268","0.55710583738485","0.606070773675998","0.6888263579458",
"St. Lucia","362","Export Diversification Index","total_theil","Value","5.1585083","3.8822496","3.974472","3.9306979",
"Equatorial Guinea","642","Export Diversification Index","total_theil","Value","5.6914077","5.7221794","5.6416435","5.6524262",
"Greece","174","Extensive Margin","between_theil","Value","0.417106362059712","0.445403711870313","0.44200383592397","0.423836902715266",
"Greece","174","Intensive Margin","within_theil","Value","2.21981690824032","2.54089073836803","2.59536671638489","2.5936141461134",
"Greece","174","Export Diversification Index","total_theil","Value","2.6369233","2.9862945","3.0373704","3.017451",
"Grenada","328","Extensive Margin","between_theil","Value","0.280772596597672","0.282398150998233","0.280772596597672","0.280772715806961",
"Grenada","328","Intensive Margin","within_theil","Value","3.71878600120544","3.84250664710998","4.04736852645874","3.64714360237122",
"Grenada","328","Export Diversification Index","total_theil","Value","3.9995587","4.1249046","4.3281412","3.9279163",
"Greenland","326","Extensive Margin","between_theil","Value","0.230971977340147","0.225145041941414","0.223143547773361","0.223143547773361",
"Greenland","326","Intensive Margin","within_theil","Value","4.60881936836813","4.85065221786499","4.79162883758545","4.86855316162109",
"Greenland","326","Export Diversification Index","total_theil","Value","4.8397913","5.0757971","5.0147724","5.0916967",
"Guatemala","258","Extensive Margin","between_theil","Value","0.242882899940014","0.238039076328278","0.212986936752799","0.195245280861855",
"Guatemala","258","Intensive Margin","within_theil","Value","2.17692577838898","2.1545821428299","2.10603882722626","2.15330189466476",
"Guatemala","258","Export Diversification Index","total_theil","Value","2.4198086","2.3926213","2.3190258","2.3485472",
"Norway","142","Intensive Margin","within_theil","Value","3.70540175307542","3.7023935848847","3.58508254960179","3.59395608305931",
"Paraguay","288","Intensive Margin","within_theil","Value","3.9833099078387","3.61168857026496","3.75024747848511","3.533900141716",
"Paraguay","288","Export Diversification Index","total_theil","Value","3.9976888","3.6615584","3.8310304","3.757314",
"French Territories: French Polynesia","887","Extensive Margin","between_theil","Value","-0.0071116150742725","-0.0161983926764151","-0.0290983870017523","-0.0346013978123665",
"French Territories: French Polynesia","887","Intensive Margin","within_theil","Value","4.36954491013603","4.32507066713879","4.31593753397465","4.33154913783073",
"French Territories: French Polynesia","887","Export Diversification Index","total_theil","Value","4.3624334","4.3088722","4.286839","4.296948",
"Qatar","453","Extensive Margin","between_theil","Value","0.204289149220287","0.125707194101855","0.137855488728328","0.133098289370537",
"Qatar","453","Intensive Margin","within_theil","Value","4.47135686349066","4.72055627717714","4.53480015363311","4.54295003414154",
"Qatar","453","Export Diversification Index","total_theil","Value","4.6756458","4.8462634","4.6726556","4.6760483",
